,cluster
Kevontae,1
Krishav,33
Zinachidi,33
Eliott,1
Fitzgerald,1
Kamaria,33
Hatch,33
Nana,33
Avalyn,33
Clay,33
Jerel,33
Arena,33
Naimah,33
Davier,33
Naydeen,33
Ajanae,33
Saran,33
Ahmet,33
Treyveon,33
Chynna,33
Catherin,33
Melis,33
Elysium,33
Evlynn,33
Eliaz,33
Georgiana,33
Brileigh,1
Maxime,1
Liah,14
Soleia,33
Jebadiah,1
Rhylin,33
Zuha,33
Trajan,33
Saurav,33
Rocklynn,33
Brenli,33
Avianna,33
Aleese,33
Rhyan,33
Aaliyah,33
Reniyah,33
Gildardo,33
Tydus,33
Asiya,33
Djimon,33
Jayline,33
Prakriti,33
Jullian,1
Donathan,33
Ellenie,1
Isabellasophia,33
Hadrian,33
Landis,33
Nayra,33
Avital,33
Artavious,33
Alis,33
Heavenly,33
Keanen,33
Natnael,33
Brexten,33
Alesandra,33
Sig,33
Icesis,33
Raam,33
Asaph,14
Carla,33
Deaken,33
Dmya,33
Mairead,14
Adis,33
Badr,14
Ariaunna,33
Carsin,33
Tashia,1
Ivis,33
Mikale,33
Penny,1
Medhansh,1
Ameya,1
Kalayah,1
Annahi,1
Daniel,33
Beckam,1
Jahkari,33
Kemariya,33
Jazmynn,33
Melanee,33
Milos,33
Emalie,1
Annely,33
Shamyra,33
Stokley,33
Motty,33
Desire,33
Neriya,1
Skylarrae,33
Novia,33
Bergen,33
Saryah,33
Emaad,33
Giorgio,33
Tayon,33
Jaswiry,33
Abdulahi,30
Ashlan,33
Yuleidy,33
Xzayvier,33
Gershon,33
Eean,33
Oliviya,33
Panayiota,33
Catheryn,33
Zooey,33
Winson,33
Seyon,33
Dalylah,33
Sanae,33
Damiya,33
Davari,33
Demarious,33
Anorah,39
Ritika,39
Malonie,1
Rostin,14
Eudora,14
Barrett,1
Jyiah,1
Chevis,14
Baye,14
Azyla,14
Kailer,14
Treon,14
Socrates,14
Annalysse,14
Giada,14
Bladen,14
Londan,14
Santino,14
Odalys,14
Sissi,14
Gaberiel,14
Bessie,14
Allison,14
Shaely,14
Suzann,14
Stellah,14
Jakub,14
Riot,14
Jayly,14
Tatiyana,14
Morena,14
Gracie,14
Finneas,14
Breylin,14
Naomii,14
Dylanie,14
Yaslyn,14
Luzma,14
Jaidyn,14
Jenay,14
Kamilia,14
Maybelline,14
Essa,14
Aubryella,14
Sejal,14
Sinclair,14
Salman,14
Trevell,14
Freeman,14
Niva,14
Athina,14
Nezar,14
Keats,14
Ceaira,14
Shlok,14
Kaos,14
Haden,14
Mileena,14
Kareema,14
Varen,29
Wilton,14
Simranjit,1
Claudette,1
Thalya,1
Makailey,1
Aashiyana,1
Freyja,14
Khing,1
Emmasophia,14
Margarette,33
Zacharius,33
Shyah,1
Kayden,1
Neville,1
Angelee,33
Starla,1
Waylynn,14
Owyn,1
Cavin,14
Rob,1
Cassian,1
Chantell,14
Isandro,1
Corabella,1
Derrin,33
Tavarus,33
Nuradin,14
Laird,33
Vayda,1
Jaquavis,14
Gavon,14
Breeze,33
Charan,33
Jayanth,14
Maytal,33
Zaliyah,33
Shay,1
Mehek,33
Sanii,33
Dilynn,14
Daron,33
Angus,33
Sayani,14
Anav,14
Brayleigh,14
Shashwat,14
Tristina,14
Gevork,14
Emlyn,33
Teressa,14
Thijs,14
Advay,14
Dino,14
Natilynn,14
Phynix,14
Zeynep,14
Rosely,33
Jeryn,14
Ajit,14
Keri,14
Eryn,14
Georgio,10
Milan,14
Jep,14
Raihana,14
Rayen,14
Braxstyn,33
Larissa,14
Dharma,14
Kierston,14
Elisei,14
Lexa,14
Melah,14
Maxon,14
Rossie,14
Teron,33
Yassin,14
Tailor,14
Maral,14
Varick,14
Amaurie,14
Kenenna,14
Calimarie,33
Indie,33
Rohaan,14
Juliocesar,14
Mariem,14
Brandom,14
Yosif,14
Gissele,1
Hawraa,14
Gracelin,14
Jolina,14
Brylei,14
Annelee,14
Maylah,33
Antavius,14
Almas,14
Kaylin,1
Aralynne,1
Iosefa,1
Zamorion,1
Elania,1
Nassir,1
Autumn,1
Aubriee,1
Nakiyah,1
Aicen,1
Schneur,1
Ansh,14
Arson,1
Kayne,1
Ha,1
Esli,1
Izella,1
Daren,1
Aireonna,1
Yandel,1
Kaz,1
Anajulia,1
Prabhjot,1
Kimora,1
Khalina,30
Lilianah,14
Karalynn,14
Hoyt,14
Jaetyn,14
Kingsly,14
Keiton,14
Colorado,14
Berlynn,14
Osborne,14
Elisey,14
Leanne,14
Aws,14
Joncarlo,14
Gena,14
Graycelyn,14
Johnston,14
Caedyn,14
Colby,14
Skylah,14
Kamea,14
Sevin,14
Sebastion,14
Camiah,1
Alany,14
Leopoldo,14
Jakarius,14
Pranathi,14
Ayani,14
Abdulelah,14
Vallerie,14
Ayriana,14
Jalaiya,14
Yaniah,14
Elsey,14
Michaeljames,14
Yareth,14
Giuliana,14
Joyelle,14
Prezley,14
Kahleel,14
Breeana,14
Deanthony,1
Annah,1
Kaity,14
Bryse,14
Samaa,14
Dovid,1
Reza,1
Jaquarius,14
Phenyx,14
Logan,14
Falyn,14
Anayla,14
Neko,14
Alaila,14
Jujhar,1
Neylah,14
Yazir,14
Minerva,14
Niyah,14
Jiro,14
Ailanie,1
Joci,1
Durva,14
Elek,14
Alinah,10
Shaleah,14
Drue,14
Aubreyanna,14
Imad,14
Sohana,14
Ayana,1
Sidalee,14
Zana,14
Malcom,14
Zacharias,14
Arin,14
Carsyn,14
Latifa,14
Halia,14
Zabdi,14
Elizardo,14
Tymia,14
Lariyah,14
Krishay,14
Kairee,14
Augusta,1
Makayela,14
Adilynn,1
Jaydelyn,14
Adithri,5
Keionte,1
Nariyah,1
Daylan,33
Meeah,1
Miklo,1
Kirin,10
Kolton,1
Drayce,1
Alianys,1
Matthews,1
Havoc,1
Baily,1
Oktober,33
Houston,33
Kahil,33
Indi,14
Jaymarion,10
Zyir,14
Aubreyella,1
Izrael,1
Robson,10
Aruna,1
Hsa,1
Kinga,1
Liley,1
Symantha,10
Gaege,1
Ramya,1
Gelila,1
Rolland,10
Agam,1
Christiaan,1
Ayannah,1
Zack,1
Greylin,10
Maddan,10
Lesly,14
Jurgen,10
Shaquille,10
Victoriarose,10
Laksh,10
Deavon,14
Keiona,1
Valynn,10
Warner,10
Laniyah,10
Lilyauna,10
Marielis,10
Zitlaly,39
Zakkery,10
Bryndle,10
Aliese,10
Dekker,10
Haeven,10
Avaleigh,10
Mileah,10
Jamarian,10
Yocelin,10
Emiliana,10
Arriyanna,10
Tisya,10
Kenedy,10
Jahnia,10
Eliyas,10
Shaylin,10
Javae,10
Lulia,10
Lynnsey,10
Adely,10
Haakon,10
Jazzlynne,10
Taliah,39
Tirzah,12
Caren,1
Jamere,10
Karyn,39
Shailen,10
Henrick,10
Thayne,33
Nuri,10
Rockwell,39
Elliora,39
Allyson,39
Raheel,39
Samaiya,39
Vaibhav,39
Chrisangel,39
Ehab,39
Januel,39
Sandy,39
Yael,39
Markee,39
Meilani,39
Flynt,39
Zoltan,39
Jaivon,39
Camielle,39
Dallys,39
Reigan,39
Solomia,33
Aayush,39
Yasna,39
Estela,39
Matelyn,39
Armanii,39
Rahmya,39
Aijah,39
Rayon,39
Berniece,39
Terrian,39
Niranjana,39
Josian,39
Arlett,39
Arshaan,39
Everlyn,39
Favour,39
Mikhaila,39
Draven,39
Carole,39
Preslee,39
Lilien,39
Bennet,39
Brendan,39
Taelor,39
Dorcas,39
Haiven,39
Alianna,39
Joren,39
Akshith,39
Henson,39
Red,39
Leily,39
Jossue,39
Angelic,39
Cyntia,39
Sahmir,39
Pinchus,39
Savion,39
Elspeth,39
Leandro,39
Rikki,39
Mikyah,39
Kitara,39
Elody,39
Madiyson,39
Leasia,15
Luxie,15
Anjolaoluwa,15
Tymere,39
Kadie,15
Tatianna,15
Anyiah,39
Zayleigh,15
Journii,15
Daud,15
Oriane,15
Aryiana,15
Lewis,15
Marcos,15
Leonte,15
Ryaan,32
Aneya,32
Tarynn,21
Marrah,15
Averee,15
Morrison,15
Liba,21
Aryn,21
Michelina,21
Lihanna,15
Emila,15
Kala,6
Desmon,15
Celene,15
Adain,15
Jazlyne,6
Laiba,15
Laticia,15
Jahel,15
Dabria,15
Marylu,15
Zayia,21
Rithwik,21
Hannalise,15
Camila,15
Kionna,15
Sona,21
Victory,21
Kambree,15
Romen,15
Alessio,21
Lambert,21
Nayla,21
Ziad,21
Jancarlo,21
Tanden,21
Nishtha,15
Kimberlee,21
Jerren,15
Toby,21
Caydee,21
Chuna,21
Kathaleya,15
Aamirah,15
Felisha,15
Jadeveon,15
Joab,21
Yazid,15
Katelyne,15
Endrit,6
Jalyric,15
Amarachukwu,15
Rapheal,15
Tremaine,15
Kullen,6
Emmette,21
Ursula,15
Jaevion,6
Lilybelle,15
Ray,6
Raphael,15
Jaber,21
Kristen,6
Rameen,15
Daymian,6
Jaxson,15
Kensington,6
Alliana,6
Rex,6
Aaminah,6
Naksh,6
Clarabelle,6
Hogan,6
Spriha,6
Kydon,6
Dominek,6
Zalaiyah,6
Sebastien,6
Domani,6
Kalleb,6
Adessa,15
Roze,6
Mirabella,6
Edelyn,6
Mahnoor,6
Falynn,6
Trinay,6
Alethea,6
Emmilyn,6
Samyog,6
Cristel,6
Coda,6
Elana,6
Elliahna,6
Zackaria,6
Teigan,6
Aastha,6
Kalvyn,6
Maddoxx,6
Kishon,6
Amaryah,6
Drelyn,6
Rylie,6
Kaybree,6
Gavan,6
Jasey,15
Lester,6
Jalessa,6
Meilech,6
Raiana,6
Mariposa,6
Jovahn,6
Melaina,15
Ariyah,6
Kryslyn,6
Alita,6
Ramsey,6
Rubin,6
Sicily,6
Emna,6
Pamela,6
Sibyl,6
Berklie,6
Makenli,6
Lenny,6
Eliora,6
Jovita,6
Livie,6
Aspen,6
Hesston,15
Zyanya,6
Kaedance,6
Lukan,6
Kiptin,6
Akosita,6
Lucianna,6
Rayann,6
Tushar,6
Gracelee,6
Ahtziri,6
Dedric,6
Eshawn,6
Kaylenn,6
Magdaleno,6
Bess,6
Dannaly,6
Johanny,6
Sheamus,6
Zo,6
Zierre,6
Pharell,6
Deion,6
Linkyn,6
Tatyanna,6
Else,6
Brelee,6
Thania,6
Yussef,6
Donnelle,6
Adorah,6
Estiben,6
Itzia,6
Kaiyon,6
Sunni,6
Madilyn,6
Kyngston,6
Vidyut,6
Cassadie,6
Chrislyn,6
Adyant,6
Caymen,6
Haydin,40
Laylanii,40
Jayen,21
Caspian,32
Kenlea,40
Atlai,21
Jerad,32
Wren,21
Keatyn,32
Osiel,21
Brenley,32
Long,40
Kamdon,32
Araeya,40
Siona,40
Kashlynn,21
Hilaria,21
Keller,32
Rosalia,21
Siyana,21
Jaylene,21
Kiam,21
Shavonne,21
Loganne,21
Riyanna,21
Kingjames,21
Charliee,21
Jaskaran,21
Mitchell,21
Suha,21
Benton,21
Mckenna,21
Taraji,21
Imtiaz,21
Trayvion,21
Neveen,21
Jozsef,21
Jazzlene,21
Dayjah,21
Jeremmy,21
Cowan,21
Joshia,21
Kambrie,21
Deondrae,21
Kier,21
Devanee,21
Jenasys,21
Apollonia,21
Aileah,21
Triumph,21
Qasim,21
Tahiry,21
Amere,21
Binta,21
Anarah,21
Marjorie,21
Stephane,21
Brina,21
Traesyn,21
Freja,21
Ariya,21
Icelynn,21
Sheva,21
Ayzel,21
Lanay,21
Ariannie,21
Mayumi,21
Vianka,21
Aissata,21
Azzan,39
Aysha,32
Amiayah,39
Aylan,39
Lilyana,39
Kaelem,32
Natalina,32
Kamalani,32
Japji,39
Keirstin,39
Kie,39
Zadquiel,39
Lillian,40
Cassiel,40
Nimrat,32
Zayven,32
Giulian,32
Tavares,32
Mathias,32
Emmalynn,32
Deshun,32
Rawlings,32
Khalel,32
Edge,32
Hadley,32
Bernard,32
Guilianna,32
Navy,40
Hellena,40
Aleph,32
Javeria,32
Avella,40
Secily,32
Amour,32
Ayleene,32
Romel,32
Tavin,32
Madalyn,32
Aldous,32
Tamyra,32
Ryelle,32
Leondre,32
Aryella,32
Zahmir,32
Kedron,32
Markeem,32
Zohar,32
Anddy,32
Pedro,32
Alexianna,32
Britzy,40
Lofton,32
Arch,32
Keirsten,32
Magdalen,32
Aleisa,32
Aristea,32
Neftaly,40
Sanora,32
Alashia,40
Concepcion,32
Ennis,32
Cavion,32
Leandrew,32
Graciela,32
Klee,32
Carron,32
Garren,32
Mykala,32
Jackson,32
Adrienna,32
Temperence,32
Azriella,32
Joscelynn,32
Cloud,40
Ezequiel,32
Kyarra,32
Javarious,32
Andrei,32
Emani,21
Aleyda,32
Halston,21
Triniya,21
Ulysses,32
Collyns,32
Yamel,21
Nouman,21
Chantry,21
Kinnidi,32
Misty,40
Avaia,21
Dillin,32
Dorothy,21
Roselin,21
Nikhil,32
Dmani,40
Dimari,21
Giulianna,32
Jacquelyn,32
Anjanette,32
Jarrin,21
Karstyn,21
Rashida,21
Huey,32
Reynolds,32
Cortlyn,32
Kensli,32
Mackenzy,21
Juaquin,40
Fredy,21
Adarian,21
Ace,21
Unknown,21
Mariena,32
Crawford,40
Sanjuanita,21
Ivon,30
Brylen,35
Wake,35
Linen,35
Leonard,35
Dreysen,35
Tavish,35
Abbagale,35
Blade,35
Hayley,35
Achraf,35
Penelope,35
Zoel,35
Mackenzye,35
Makilah,35
Temitope,35
Jerica,39
Nadir,39
Reyann,39
Areen,39
Beauty,17
Khyier,17
Iara,17
Izel,17
Ariyahna,17
Mariette,17
Hartleigh,17
Callyn,17
Siena,17
Xiana,17
Venecia,17
Bianca,17
Taiya,17
Rojelio,17
Pragna,17
Alwaleed,17
Moath,17
Kiela,17
Tylor,17
Aymee,26
Shahid,17
Kaileen,24
Yitong,17
Edee,17
Marta,26
Nilah,17
Jameela,26
Rufina,26
Bebe,26
Maleeka,26
Sumire,26
Vasilios,26
Joslynn,26
Zayd,26
Rosabella,17
Emiline,26
Demetris,26
Ravon,26
Anabelle,26
Zaveon,26
Damontae,17
Latrevion,26
Lettie,26
Truce,26
Audia,1
Nicolaas,10
Vidur,10
Briggs,39
Alberta,39
Germaine,39
Renley,39
Jaylis,39
Yotam,17
Kassidi,17
Zoeey,17
Henessy,17
Leriyah,17
Yaqub,17
Nyala,17
Simrin,17
Issack,17
Ares,17
Shavar,17
Demon,17
Dacota,17
Whisper,17
Makensie,17
Haiden,17
Rayvin,17
Jacere,17
Cory,39
Awais,17
Locklynn,17
Lyah,17
Azariah,17
Wyat,17
Analicia,17
Jamonie,17
Naysa,17
Zahkai,17
Eulalia,17
Kubrick,17
Nivia,17
Tyre,17
Quinntin,17
Kiefer,17
Ithan,17
Artemis,17
Javari,17
Andrian,17
Dontrell,17
Zeppelin,17
Zephyr,17
Nydia,17
Deara,17
Ryla,17
Kalix,17
Garet,17
Kamili,17
Abgail,17
Bastian,17
Emylie,17
Daaron,17
Alveena,26
Marycarmen,26
Jahid,24
Daeja,17
Danilyn,17
Seleah,24
Serafim,17
Ogechi,17
Kendale,17
Roiza,17
Kenta,17
Scott,17
Xabi,17
Ahuva,26
Reagyn,24
Aline,24
Sriya,26
Neilesh,24
Renay,26
Giorgia,26
Xandra,26
Zakery,26
Addy,17
Charger,26
Blossom,26
Breckin,26
Aliyaah,17
Nadiya,26
Jaymie,26
Kenzingtyn,26
Xiomar,26
Genessis,26
Aaliyana,26
Amparo,26
Jasilynn,26
Emeka,26
Conall,26
Jermy,26
Thiago,17
Jalaiyah,26
Elin,26
Imaan,26
Kesean,26
Valin,26
Coralyne,26
Trusten,26
Anthoney,26
Nahia,26
Kloey,26
Adham,26
Finnly,26
Myrna,26
Jiayi,26
Dennise,26
Paton,26
Maelee,26
Clarke,26
Paycen,26
Dio,26
Raylynne,24
Blessen,24
Kalleigh,24
Austen,26
Albion,26
Bralee,26
Loraine,26
Janeli,26
Demaria,24
Blessyn,24
Sriyan,26
Kristell,26
Christin,24
Landynn,24
Quetzali,26
Josep,26
Aljoharah,26
Suzi,26
Quinnton,26
Alyviah,24
Liliann,26
Dhrithi,26
Jezelle,26
Rodrick,26
Anay,26
Konan,24
Emalin,24
Vannessa,24
Steve,26
Batu,24
Trynity,26
Lielle,17
Tank,17
Nebiyu,24
Jacquelyne,26
Issei,26
Ignacio,26
Evia,17
Divina,26
Serigne,26
Nyari,26
Yassmine,26
Ellsworth,26
Rishab,17
Neeli,26
Itzae,15
Oceanna,26
Hosea,2
Willo,26
Yajayra,26
Anneli,26
Daianna,26
Corben,26
Masyn,26
Dajon,26
Jady,26
Keonta,26
Jayben,26
Cordel,26
Natsumi,26
Dresden,26
Harlym,26
Jarem,26
Cruse,26
Meade,26
Brisyn,26
Vontrell,26
Presley,26
Salome,26
Kaisa,26
Jatavion,26
Ryton,26
Darleny,26
Brindle,26
Charlet,26
Dany,26
Lucinda,26
Jaspar,26
Daymon,26
Saundra,26
Yahari,26
Emaline,26
Desani,26
Rosana,26
Avahlyn,26
Madelynn,26
Lluvia,26
Taelin,6
Caniya,6
Anjelique,26
Jesus,26
Mathius,24
Adysen,24
Senan,2
Maribel,24
Chance,24
Talaiya,24
Sybil,24
Ajax,24
Khair,24
Melo,24
Enrico,24
Aliyha,24
Demauri,24
Brenson,2
Rachell,24
Amalya,24
Amrit,2
Jlynn,24
Sterling,24
Lyrix,24
Jafet,24
Lilibeth,24
Kaja,24
Nasteha,24
Izic,24
Keldan,24
Ramia,24
Suriyah,24
Brynnly,24
Alix,24
Andreu,24
Myah,24
Reda,24
Aansh,24
Imanuel,2
Canelo,24
Zaedyn,26
Angelyna,24
Shamar,24
Lilliana,26
Cashion,24
Treylen,24
Jamahl,24
Damyah,26
Leshaun,24
Marshun,24
Dionysios,24
Jehiel,24
Zykeem,24
Paityn,24
Shedrick,24
Harshil,24
Dannya,24
Nila,24
Sedrick,24
Zhen,26
Kaija,24
Joella,24
Sarahbella,24
Nailyn,24
Kyrie,26
Harshika,24
Zeiden,24
Ata,24
Trashaun,24
Nisa,24
Nahomy,2
Zaeda,24
Artist,26
Azalynn,24
Yashi,30
Stellan,30
Favio,30
Amarachi,0
Tab,0
Lanessa,0
Caleya,0
Cordelle,30
Michaiah,0
Nino,0
Raistlin,0
Jaloni,0
Alyzabeth,0
Tyton,0
Raaya,0
Avamonroe,0
Cattleya,0
Dametrius,0
Giavanni,0
Serenity,0
Berenice,0
Antoino,0
Leanah,0
Adalis,0
Armonie,0
Natalee,0
Kavyn,0
Ezmeralda,0
Joshawn,0
Lanita,0
Ayva,0
Konstantine,0
Lavelle,0
Treavon,0
Finnley,0
Fraida,0
Shaden,0
Brinson,0
Mariamawit,0
Teyonna,0
Rhiyan,0
Livy,0
Tenoch,0
Mykelti,0
Carys,0
Malaak,0
Parx,0
Shelbie,0
Miyanah,0
Karolyn,0
Tayana,0
Arcadia,0
Roston,0
Sirmichael,0
Ellory,0
Carlotta,0
Kelaiah,0
Kayla,0
Liddy,0
Quetzal,0
Delainee,0
Sadi,0
Lyn,0
Jeila,0
Arii,0
Jailani,0
Kayri,0
Jeniel,0
Aniyah,0
Jaquavion,0
Aubriannah,0
Mahaley,0
Maewyn,0
Ahmiyah,30
Emmaus,30
Booker,30
Maximilliano,5
Mildred,30
Kaebri,2
Trooper,2
Mavryk,2
Javonna,2
Keon,2
Talya,2
Cheskel,2
Kaeleen,2
Kannon,2
Elenna,2
Devorah,2
Laxmi,2
Shakim,2
Yetziel,2
Aarvi,2
Jeraldin,2
Malanie,2
Tex,2
Kaira,2
Zyair,2
Briana,2
Azarian,2
Divya,2
Yulieth,2
Dena,2
Mercy,2
Jermar,2
Keiston,2
Thane,2
Marlan,2
Ana,2
Vanessa,2
Liad,2
Suheb,2
Dex,2
Emmylou,2
Lamees,2
Paulette,2
Hasna,2
Isolde,2
Aten,2
Kebron,2
Joscelyne,2
Iriana,2
Lexine,2
Malaikah,2
Elianne,2
Jacklynn,2
Maileen,2
Zelina,2
Rubee,2
Sula,2
Dominika,2
Nyota,2
Zayah,2
Bilan,2
Torin,2
Ronnae,2
Quinnley,2
Caliope,2
Taalib,2
Sabriya,2
Kainoah,2
Tayvon,2
Katey,2
Adalize,2
Daciana,33
Kendyn,33
Sundae,33
Quantrell,33
Tryan,14
Nayna,40
Rakiya,40
Adron,40
Esra,40
Blane,0
Thandie,40
Davian,40
Emiah,40
Ajani,40
Serjio,40
Amatullah,40
Abhigna,40
Ameenah,40
Ilham,40
Millianna,40
Sabre,40
Zaydin,2
Lexton,40
Abshir,40
Sharlotte,40
Saraih,40
Keari,40
Danita,40
Carmen,40
Arah,40
Camren,40
Petrona,40
Vonn,40
Briann,40
Tannar,40
Zabdiel,40
Escarlett,40
Nika,40
Saori,40
Joanna,40
Aamina,40
Fionna,40
Idella,40
Breckan,40
Esma,40
Rynn,40
Leannah,33
Wayde,40
Phelan,23
Yony,20
Casimir,9
Breasia,29
Maalik,29
Kalynn,29
Sahith,29
Goldy,11
Kaeden,20
Judge,39
Viona,29
Ellary,29
Callianne,29
Dadrian,29
Konstantin,29
Tell,22
Lianny,29
Hadeel,8
Rhona,29
Yazen,29
Jafeth,29
Angel,29
Gracia,29
Jaiveon,39
Tonio,29
Kierrah,35
Mariaclara,29
Dearia,1
Mayukh,1
Azariyah,1
Osvaldo,1
Dwan,1
Claire,33
Jaretzi,1
Jamilia,33
Deyana,23
Cartel,1
Daviona,1
Kherington,1
Maleiyah,33
Charlotterose,33
Aman,33
Millena,33
Dayvion,33
Jadie,33
Aizen,33
Koey,33
Aleece,33
Angelith,33
Zaeem,33
Tearra,33
Emonii,33
Ayisha,33
Anvi,33
Abdulloh,33
Aile,33
Amillia,33
Stonewall,39
Pranay,39
Zarif,39
Mael,39
Parys,39
Lennyx,33
Firas,23
Wrenly,33
Teniola,33
Najeeb,23
Kassey,23
Tarahji,23
Kady,33
Raziyah,23
Danira,23
Zuzu,23
Jessyca,23
Chace,39
Habiba,2
Nyier,33
Merry,23
Kiasia,33
Larae,39
Deakyn,39
Aparna,3
Lissandro,3
Ellysia,23
Dierks,23
Lovell,23
Myka,23
Samaiah,23
Enoc,23
Nandan,23
Devlin,23
Nataliya,23
Deandre,23
Myliah,23
Tycho,23
Margot,23
Hunner,23
Marino,23
Hendel,23
Kaleeah,23
Ellieana,23
Kennadie,23
Nubaid,23
Analyssa,23
Linley,23
Wakely,23
Akiles,23
Liyla,23
Yakira,23
Kroy,23
Miguel,23
Ashiya,23
Shamyia,23
Kyro,23
Kami,23
Alyss,23
Daschel,23
Cohen,23
Ismail,23
Chibuike,29
Naraya,23
Riann,3
Fredi,3
Lamontae,3
Daeron,3
Karly,3
Sulaiman,3
Arek,3
Analucia,3
Brekin,3
Maclean,3
Damonte,3
Kaselynn,3
Amr,3
Zavyn,3
Xzavier,3
Maclan,3
Owynn,3
Akili,3
Angelinah,3
Joud,3
Brayton,3
Zmari,3
Jordan,3
Danae,3
Andrue,3
Alisha,3
Jayne,3
Embrey,3
Ahmar,3
Lalo,3
Khade,3
Zayonna,3
Magdalene,23
Halimatou,3
Avaa,3
Korina,3
Marigny,3
Orielle,3
Tiani,3
Callahan,3
Alayza,3
Bryssa,3
Katharine,3
Cypher,3
Garfield,23
Nason,3
Janson,3
Demarco,3
Noelly,3
Dania,23
Ariyona,3
Aydan,3
Kerah,3
Mussie,3
Brenyn,3
Shadrack,3
Alius,3
Emalise,3
Mirari,3
Carlos,3
Arayeli,3
Asami,3
Walton,3
Zavion,3
Shulem,3
Kodah,23
Haywood,3
Aamiyah,23
Trevonna,23
Camri,23
Aubre,23
Shoni,3
Karima,23
Dastan,23
Keishawn,23
Denny,20
Makela,23
Kerra,23
Payce,23
Yachet,23
Avien,23
Alton,23
Stockton,23
Asucena,23
Mavric,23
Mykenzi,23
Nimsy,23
Ahlina,23
Naava,23
Maebree,3
Elif,23
Brandt,23
Aanya,23
Saphira,23
Rodger,3
Jadin,20
Giovanny,3
Keely,3
Naser,3
Cristopher,23
Zoeymarie,23
Jonathen,23
Venancio,23
Ashtyn,3
Marchelle,3
Aquan,3
Brihanna,3
Lexilynn,3
Zakirah,29
Ayanna,3
Yuji,3
Ijeoma,3
Axtyn,3
Chole,3
Dshawn,3
Lillieanna,3
Alaynna,3
Arieonna,3
Doniven,3
Dalaya,3
Ranya,3
Bolaji,3
Aundray,20
Baran,3
Lynlee,3
Takumi,3
Aleksia,3
Rio,3
Khaseem,3
Srija,3
Jozlyn,3
Stavro,3
Aziel,3
Hudsen,3
Yanet,3
Mariana,3
Soloman,3
Jerilynn,3
Antron,3
Brek,3
Peretz,3
Sigmund,3
Anselm,3
Devaeh,3
Lleyton,3
Sheza,3
Hannahgrace,3
Anil,3
Cesia,3
Aadith,3
Sabriel,3
Aleyha,3
Maija,3
Daliah,3
Damariz,3
Klohe,23
Rashaad,23
Vaani,23
Jovann,3
Daegon,23
Raquan,23
Hayzel,23
Keilon,3
Ramadan,20
Jannet,3
Escher,3
Ulices,20
Sneha,20
Konnor,3
Kairon,3
Chloey,3
North,20
Faviola,20
Najmo,23
Makaylah,20
Romilly,3
Nikolaj,20
Janaisha,3
Bryella,20
Yashua,3
Gwenneth,3
Jasreet,3
Aylen,20
Caasi,20
Merric,3
Vasili,20
Addysyn,3
Kinleigh,3
Myranda,9
Nathalia,9
Jatin,9
Smith,9
Gweneviere,9
Rourke,9
Cara,9
Jahkai,9
Karden,9
Omere,9
Tiyon,9
Brylinn,9
Noman,9
Macon,9
Jackston,9
Landen,9
Shayde,9
Taha,9
Leith,11
Danilah,9
Federico,11
Oaklynn,9
Alistair,9
Kruise,9
Lemuel,9
Salif,9
Adorian,9
Sufyan,9
Yuvia,9
Abdulrhman,9
Mirriam,9
Daveed,9
Maryiah,9
Deveon,9
Manahil,9
Mishika,9
Courtez,9
Johana,9
Jakyah,9
Dariel,11
Julitza,9
Nell,11
Thayden,9
Valaree,9
Maximum,9
Riyad,11
Marliyah,9
Malekai,9
Theron,9
Nylaa,11
Indiah,9
Azul,11
Ellsie,11
Jhaziel,11
Anayi,11
Ariyannah,9
Calie,11
Emuna,9
Dustie,36
Zechariah,9
Bria,9
Truxton,11
Misaki,9
Eliud,36
Kendarius,36
Emelie,11
Makailah,36
Karlos,36
Taina,9
Yitzchak,9
Odyssey,11
Soraya,36
Kirollos,20
Amellia,36
Caralynn,36
Harmani,36
Tyana,36
Rage,9
Dina,36
Jakye,36
Makana,36
Evanee,36
Aeri,36
Tera,36
Onyx,30
Ford,11
Abbott,11
Abdinasir,9
Mirel,9
Jermain,11
Vivian,9
Laquan,9
Brallan,9
Tomi,11
Gianlucca,11
Rhen,11
Zea,9
Alanood,11
Xandria,11
Liat,9
Grey,9
Jhayla,11
Suzanne,9
Yakov,9
Adylina,11
Whitfield,9
Jaydn,9
Maryama,11
Graig,11
Ardyn,11
Oneill,9
Yaslene,9
Emmalea,11
Ridley,11
Simra,9
Takeo,9
Derwin,9
Daksh,9
Khalil,9
Coreon,11
Yarethzy,9
Mihira,11
Huntleigh,9
Zyon,9
Krystopher,11
Simcha,9
Dema,11
Annalena,9
Emerald,9
Brik,9
Lien,11
Reygan,11
Niels,11
Blythe,9
Conlan,11
Jeniya,11
Klaire,11
Shariyah,9
Lavanna,11
Nailah,11
Marvel,36
Aliviana,11
Kwabena,36
Siddhi,11
Tysun,11
Zuheyla,11
Tyrelle,9
Emoree,11
Saga,9
Bodie,36
Riyana,36
Ema,11
Zohra,11
Isidro,11
Ahnika,36
Damarri,9
Jalicia,11
Slaton,11
Donatello,36
Jahliyah,36
Zionnah,11
Seynabou,36
Amin,9
Niklaus,36
Tarian,36
Yana,11
Jalea,11
Milyn,9
Kirtan,11
Thao,11
Naleyah,36
Dacari,9
Rommel,11
Jordis,11
Ann,11
Reve,36
Thorne,11
Analei,36
Lilly,36
Jianah,36
Amoure,36
Lynda,11
Pinches,36
Trayven,11
Ivona,11
Linette,11
Savhanna,9
Troian,36
Mailey,11
Eliona,11
Brandan,11
Stafford,11
Daryan,9
Yohel,11
Conan,36
Falisha,9
Luisdaniel,9
Dair,9
Remmington,36
Tamara,36
Talita,11
Ladarrian,36
Yasuri,11
Jermiah,36
Josai,11
Yousuf,36
Jenson,11
Christiann,11
Karnell,36
Sharva,36
Conway,9
Greycen,11
Analeiah,11
Marleigha,11
Rosemari,11
Anastassia,36
Lilymarie,11
Saya,36
Muzamil,11
Laurent,9
Melayah,11
Jedidiah,36
Tanija,11
Lilium,9
Elliette,11
Brentyn,11
Emitt,36
Janalee,11
Oxford,36
Jlah,9
Elih,9
Jazari,11
Margret,36
Morgyn,11
Jaycean,11
Jadarious,36
Marybeth,11
Rayli,11
Basir,11
Wyatte,36
Amely,11
Bryndon,9
Mariani,11
Joelys,11
Maximiliano,11
Alandra,36
Graecyn,9
Khylan,11
Harmonee,36
Graylon,11
Xyriah,36
Kit,36
Akailah,11
Tyrick,11
Tyshon,11
Amilah,11
Pierre,11
Dayshaun,11
Kailynn,11
Ezel,11
Yeimi,11
Athalia,11
Dhruti,11
Nelly,11
Brailyn,11
Waylan,36
Chioma,11
Ayna,11
Gared,36
Jleigh,11
Dianey,36
Kariann,36
Geonni,36
Aryan,36
Azarya,11
Jory,9
Dove,11
Ayinde,36
Yeimy,11
Jalysa,11
Zoeigh,11
Tin,11
Melaysia,11
Jibrail,36
Avalie,11
Samuell,11
Erasmo,9
Sanavi,11
Eve,11
Merle,11
Erica,11
Damyra,9
Joshlyn,11
Zorion,11
Marcio,11
Gent,11
Ayaansh,11
Saadiq,11
Wilbur,36
Pheobe,11
Dzyre,9
Alaiyna,11
Jordani,11
Massa,11
Lakelynn,36
Jaymarie,11
Jamylah,36
Perri,36
Su,11
Lorynn,11
Caius,20
Kaniya,36
Gizelle,36
Alexis,11
Vlad,36
Manaswini,36
Georgie,11
Dodge,36
Cedella,36
Ellis,36
Arihana,36
Brannen,36
Maira,36
Kimberley,36
Kristelle,36
Kharlie,36
Alexas,36
Makenly,36
Adeel,36
Zadin,36
Rasul,36
Analyse,36
Aubrianah,36
Daiquan,36
Evaline,36
Reason,36
Lailyn,36
Ila,36
Nohemi,36
Evony,36
Avlynn,36
Kinslee,36
Weston,36
Omarion,36
Ranee,36
Imon,36
Famous,36
Earnest,36
Izick,36
Aniyiah,11
Maddison,9
Darcel,9
Arora,29
Chandler,36
Elonzo,36
Tanishi,36
Mikayah,36
Brier,36
Shaikha,36
Aubryelle,36
Braxdon,36
Anand,36
Kastiel,36
Kianni,36
Aaleyah,34
Myanna,36
Myracle,12
Jahki,12
Towa,12
Jasraj,36
Frandy,27
Walden,34
Jerrin,27
Ailynn,34
Pernell,27
Ely,36
Elysa,27
Suki,34
Sesar,27
Thalia,27
Louisa,27
Ivah,7
Taydem,34
Jairen,34
Damarkus,34
Leightyn,34
Ayron,34
Awa,34
Giordana,34
Mihajlo,34
Ivann,34
Kalyse,34
Saleena,34
Nicolo,34
Jourdyn,34
Davion,34
Brolin,27
Markelle,27
Keera,27
Klani,27
Sheryl,34
Kay,34
Jaxn,27
Jalayah,34
Jaydelynn,34
Morrissey,34
Jezabella,34
Zaileigh,34
Jeancarlos,34
Matthieu,27
Lamond,34
Aggie,34
Joan,34
Aleshia,27
Adele,34
Kaylani,27
Ramir,27
Marques,34
Journye,27
Rema,34
Whittaker,34
Arai,34
Teagan,34
Zylis,34
Trinadee,34
Timmie,34
Emylee,34
Raheim,34
Messi,34
Termaine,27
Kirana,34
Giuseppina,34
Karime,27
Tajh,27
Selasi,27
Farouk,27
Dracen,34
Isis,34
Amaal,34
Ryun,34
Shaurya,34
Pennington,27
Deakon,34
Danaja,34
Deborah,27
Yzabelle,34
Dezani,34
Jalayna,27
Antigone,34
Kaizer,34
Jesalyn,34
Zella,34
Jailia,34
Nyzir,34
Zamarah,34
Dezmen,27
Delainey,27
Thyago,12
Jossiah,12
Zebastian,12
Zaydenn,12
Jaceton,12
Dov,12
Dhani,27
Jahziah,12
Jazilyn,12
Nataniel,27
Semajae,12
Banx,12
Jolon,12
Leighland,12
Anthea,27
Kashis,12
Janey,41
Makailynn,27
Tiler,12
Coen,27
Chamari,12
Arnoldo,12
Humzah,27
Vinaya,12
Leliana,27
Cainen,12
Newt,12
Izak,12
Zaya,12
Nyaire,12
Shaivi,12
Christabella,12
Aerie,12
Astraea,12
Leonid,12
Granger,12
Hephzibah,12
Rida,12
Athanasios,12
Leeann,12
Charline,12
Braydin,27
Tadyn,27
Tula,12
Jeremey,12
Terion,12
Kanishk,12
Leisel,12
Zuleima,12
Caden,41
Kiyana,12
Keyion,12
Nikolay,12
Aliannah,27
Yovanna,27
Kamdyn,34
Tywone,27
Marieli,27
Lyniah,27
Milea,27
Marcelo,27
Adenike,34
Mayalen,27
Quest,27
Irie,27
Allaura,27
Kadarius,27
Ruqaya,27
Crissy,27
Elon,27
Mallori,27
Noura,27
Makiah,27
Zilah,27
Hajra,27
Forest,27
Kinze,27
Adriana,27
Andrej,34
Jewelisa,27
Izsabella,27
Dakyra,27
Murphy,27
Raniah,27
Abdirisaq,27
Maralyn,27
Samanvitha,27
Taimane,34
Tenzin,27
Elliemarie,27
Jamileth,27
Aileen,27
Mara,27
Slade,27
Deejay,27
Kniyah,27
Henos,27
Theophilus,34
Aicha,34
Alaa,27
Elioenai,27
Nayara,27
Roux,27
Trelyn,34
Shterna,27
Kyre,30
Haneen,13
Genevie,13
Zyier,41
Lawson,41
Analeya,41
Nickolai,13
Tadhg,41
Arye,13
Ama,41
Shiah,13
Kyrus,41
Latonya,13
Alic,28
Leiam,13
Marriah,41
Ariea,41
Davinee,41
Nazir,41
Kayleann,41
Chessa,41
Enayah,13
Kayona,41
Karman,13
Rosaria,41
Shayley,41
Remi,41
Jaiyda,13
Fareedah,41
Giovany,13
Anabelen,41
Nirvan,13
Izacc,41
Aiydan,41
Yitty,41
Chael,41
Rivka,41
Yides,41
Lavance,13
Matis,13
Krysta,41
Hayla,28
Nashawn,28
Halen,28
Arkan,41
Krayton,28
Amulya,28
Ammon,41
Jaivan,28
Alilah,41
Mya,41
Desman,41
Teralyn,41
Tarell,13
Kornelius,5
Sean,41
Ahlivia,28
Elayjah,28
Greidy,41
Keelynn,41
Mccarthy,28
Derrell,41
Terryon,28
Yash,28
Ryu,28
Lyle,28
Kataleyah,28
Drianna,28
Lyam,28
Kaycie,7
Hannes,7
Nicolee,28
Gamal,28
Keelyn,28
Kitzya,28
Ramal,28
Addalyne,28
Marlaina,28
Donevan,13
Akyah,28
Judas,28
Kalman,28
Lucee,28
Aquila,28
Aston,28
Haileigh,28
Allionna,28
Sudays,28
Amna,28
Christon,28
Elsa,28
Adonai,28
Augustus,28
Damaris,28
Shiye,7
Kenan,28
Ibn,28
Khadir,28
Waylyn,28
Tenlee,28
Thia,28
Dayden,28
Xadrian,28
Hooriya,28
Emerick,28
Kalkidan,28
Merari,28
Junhao,28
Fabyan,28
Naythen,28
Zyanne,28
Quinlee,28
Ismaeel,28
Micaela,28
Zaeden,7
Anyssa,28
Yvette,7
Rayshon,7
Laiyla,7
Sarabella,7
Keerat,7
Mikaeel,7
Anjana,7
Alorah,7
Jackelyn,7
Leelynn,7
Bowe,7
Ausar,7
Sereniti,7
Talyn,7
Oliva,7
Iven,7
Ceylin,7
Krina,7
Linh,7
Hendry,7
Sury,7
Yoshua,5
Greenleigh,13
Benelli,13
Yizel,13
Meliyah,13
Fergie,13
Vasiliy,13
Asher,13
Aarilyn,13
Dwyane,13
Suah,41
Amira,13
Selam,13
Julianah,13
Ferguson,7
Bitania,13
Delayna,7
Raigan,13
Alhaji,7
Alyna,7
Kyndahl,7
Emryk,7
Janani,7
Avelynn,7
Aamir,7
Haynes,7
Avarielle,7
Kayle,7
Dequarius,7
Sha,7
Calynn,38
Jay,7
Mahith,7
Ezariah,7
Jennah,7
Jarrod,37
Seina,37
Marlon,37
Eugenie,7
Emmabelle,7
Jaslin,37
Lidya,7
Van,7
Lakenzi,7
Diara,7
Caliegh,27
Hari,37
Deliyah,7
Treysean,7
Nakiah,37
Amera,7
Maicon,7
Kewon,7
Brendin,7
Natalynn,7
Coltrane,7
Curt,7
Coven,37
Jhony,37
Zarmina,37
Aniah,37
Annie,7
Aalia,37
Ellena,37
Moksha,37
Azyia,37
Atlee,37
Ashad,37
Galena,37
Kiyann,37
Taytem,37
Keren,30
Adwoa,30
Loni,37
Lamis,7
Jamarkus,29
Josh,7
Lura,7
Damire,7
Kalirose,7
Oshyn,7
Diyora,7
Marion,7
Kenidi,7
Bexton,7
Shaelynn,7
Azion,7
Aeralynn,37
Gabino,7
Kijuan,7
Ashlinn,37
Keerthana,37
Lyon,7
Delany,7
Deziah,37
Arik,37
Bronco,37
Kaleigh,37
Elanora,37
Jayvan,37
Jenabelle,37
Milind,37
Madyline,37
Ivana,37
Lyda,7
Eizabella,37
Sadie,37
Zeana,37
Quintus,37
Paizleigh,37
Lira,37
Shweta,37
Raziel,37
Demondre,37
Tabatha,37
Kordan,7
Leighann,37
Hamida,37
Catalaya,37
Beth,37
Len,37
Wally,37
Daelin,37
Sheila,37
Zula,37
Aquil,37
Demarko,37
Jalasia,37
Zyeer,37
Hadasah,7
Anton,7
Kellyann,37
Uday,37
Malyiah,37
Jataya,37
Jacorrion,37
Jennalise,37
Deliliah,37
Juan,37
Tayshawn,37
Keilany,37
Gisell,37
Kenrick,37
Jevaun,37
Reuel,37
Akshata,7
Jakolby,37
Hayle,37
Khia,37
Jossalyn,37
Khamryn,37
Aedyn,37
Relynn,37
Kielyn,37
Mico,37
Saylor,37
Amyre,37
Zimal,37
Viviene,37
Graziana,37
Dasean,37
Gerardo,37
Stylez,7
Mayrani,7
Ghalia,7
Shivansh,37
Rahiem,37
Keaghan,37
Braylon,37
Rahi,37
Jezreel,37
Yaziel,37
Jaderrick,37
Deyanira,37
Brandis,37
Gaston,37
Sabien,30
Katarina,37
Ike,38
Amethyst,37
Bezalel,19
Jenika,5
Averiee,37
Eliav,18
Alanny,13
Sherley,8
Morghan,9
Iden,13
Alden,13
Zelena,31
Ainslee,31
Briyanna,13
Alisiana,13
Travelle,31
Ameliyah,31
Rimas,31
Amana,31
Kyliejo,36
Kaid,7
Gustav,5
Chaise,7
Elyanah,19
Rayelyn,5
Lynleigh,5
Tamiya,30
Gwynevere,30
Syncere,30
Brylie,31
Jibran,30
Vaida,38
Lauralynn,31
Kimani,5
Jumana,18
Koh,19
Dulcemaria,31
Stefen,31
Kelani,31
Carsynn,31
Majer,31
Emmakate,31
Denaly,31
Tyberius,31
Ayat,31
Zuhair,31
Agata,31
Aerin,13
Kyler,7
Misk,28
Ghali,37
Virgilio,19
Kiel,7
Field,7
Elektra,37
Culver,19
Emlynn,5
Eleonor,7
Natally,37
Oliviagrace,5
Kloei,37
Kindal,19
Kaniel,16
Tyon,30
Kinzli,30
Jaeleigh,30
Erin,30
Zaide,37
Amadeus,19
Taryah,19
Ayvah,16
Taven,5
Minahil,19
Gaines,19
Nevaya,16
Aahil,19
Shaul,5
Sylvanna,19
Jaleeah,19
Lilou,16
Kyren,16
Dinora,19
Kanyia,5
Madox,19
Royden,5
Jakarri,19
Majid,19
Hayleigh,19
Kaila,37
Lysette,16
Anzleigh,5
Breeah,37
Cheri,5
Branden,19
Maniyah,5
Preslie,19
Tallan,19
Westly,19
Manreet,19
Ben,19
Erek,16
Grisel,5
Renan,19
Zenon,4
Margaret,19
Rhiann,31
Asiah,31
Kaedyn,31
Deandra,31
Mak,31
Vinicio,31
Arly,18
Jamien,31
Tynia,31
Mirren,31
Rakim,19
Keyoni,31
Sarye,31
Russ,31
Aalea,31
Gennaro,31
Jeslynn,19
Nadezhda,31
Dorismar,5
Ajae,19
Delisa,8
Jaylenne,8
Vianey,8
Neamiah,18
Poorvi,18
Qadir,8
Saulo,18
Rigo,8
Jiali,8
Karthikeya,16
Azria,30
Khy,19
Adianna,16
Elmer,30
Khassidy,16
Hershy,19
Blaiden,19
Zien,19
Jerod,19
Sinjin,18
Ison,16
Dixon,4
Greylyn,19
Elize,16
Lydell,16
Kiralyn,19
Ronel,19
Angie,16
Abrielle,16
Zimri,19
Camani,19
Sayra,16
Teven,16
Jamaurie,19
Amarr,18
Hyacinth,19
Esa,16
Randa,19
Sayan,16
Kree,38
Gyasi,19
Marbella,19
Tlaloc,19
Salene,19
Tallulah,19
Derron,18
Tigerlily,16
Aayat,18
Arina,19
Vinay,19
Kahlan,18
Averly,4
Loreen,4
Ramier,19
Prentiss,4
Zailee,18
Laylani,18
Temesgen,18
Kammie,4
Erielle,16
Liliannah,18
Kobie,4
Kashvi,18
Zye,19
Kesleigh,18
Tameah,18
Ashely,18
Abbigail,18
Nabella,16
Slater,4
Erva,4
Miangel,18
Zamia,4
Jenesis,18
Lali,18
Daviah,18
Lusia,4
Alfonso,19
Masud,16
Corrigan,18
Tito,4
Kearsten,4
Kenzly,18
Mursal,18
Maralynn,18
Vianca,19
Kileah,18
Jazzilyn,18
Adhira,18
Rosealynn,18
Theodora,18
Osborn,18
Leyna,4
Tyric,4
Abdurraheem,18
Zevi,16
Leihla,4
Anel,18
Lakendra,18
Winter,18
Thi,18
Yarelie,18
Suliman,18
Alissandra,18
Syanne,18
Gershom,18
Demarcos,18
Darek,8
Jeremah,18
Shariff,18
Rosalynne,18
Murdoc,18
Damier,18
Ghassan,18
Providence,18
Laelah,18
Gretchen,18
Chambers,18
Astor,18
Omera,18
Jenevieve,18
Hendley,18
Yosiel,18
Julyssa,18
Robinson,18
Ruchoma,8
Naquan,8
Eithan,18
Ensley,18
Haru,18
Tiah,18
Lavaughn,18
Thornton,18
Cymphony,18
Maryuri,8
Dartanian,18
Aleczander,18
Shahadah,18
Cataleya,8
Rayshad,18
Jahzion,18
Caylyn,18
Amyree,18
Jaia,18
Khylee,18
Zayvier,18
Iyona,18
Zaniya,18
Rubyjane,18
Karyssa,18
Dolores,18
Zaylee,8
Jessah,18
Kyrah,18
Taavi,18
Ryhanna,18
Jersei,18
Raeah,5
Isabela,30
Taylinn,16
Kambria,19
Sparsh,16
Edwyn,30
Vashawn,30
Libbi,30
Wendi,16
Jacionna,16
Acea,19
Farren,16
Emie,16
Veronika,16
Aydian,16
Ki,4
Jezlyn,16
Demian,16
Cabela,16
Janya,16
Kalie,16
Araiya,16
Tuleen,16
Rocsi,16
Aarush,16
Ibtisam,16
Finola,16
Hyde,16
Delores,16
Bryden,16
Brent,16
Heaven,16
Killian,4
Price,16
Tavery,16
Emiko,16
Avishai,16
Kenji,16
Treylin,16
Bristin,16
Valeria,16
Cambelle,16
Pau,16
Aran,16
Montrel,16
Amal,4
Rhory,16
Tanav,16
Neel,16
Taziyah,16
Finch,16
Marvelous,4
Zoeylynn,19
Ruthanna,16
Mckenlee,16
Lj,16
Massai,16
Aily,4
Adelaine,4
Anyi,4
Launa,4
Snyder,4
Gurfateh,16
Ahleah,16
Justus,16
Alaijha,16
Jd,16
Mitzy,16
Novalea,16
Breiden,4
Yue,4
Suzette,16
Kamyra,16
Kinda,4
Shanel,19
Rheagan,16
Lenora,16
Anasophia,16
Bodin,16
Giara,4
Ai,16
Adrena,16
Astrid,16
Riaz,16
Faiz,16
Menachem,4
Avaiya,16
Pricila,16
Lynsie,4
Nickalus,4
Seniya,16
Lason,4
Juandavid,4
Yihan,4
Areli,4
Arlington,4
Rileyn,4
Zecharia,16
Blayne,4
Yazmin,4
Neilani,16
Melea,4
Kushal,18
Hazely,4
Thaddaeus,4
Jakim,4
Tresean,4
Melonie,4
Denia,4
Gatsby,4
Amyracle,4
Amariyana,4
Mahan,4
Loyalti,4
Janelle,18
Jamis,4
Lucillia,18
Kaladin,4
Yiqing,16
Calia,4
Aadya,18
Jordayn,4
Andrik,4
Nathanyal,4
Haylee,4
Mckenzie,4
Yasmeen,4
Kieran,4
Jibreel,4
Graison,4
Rahil,4
Ayianna,4
Jacavion,4
Dinara,4
Jacara,16
Winnie,16
Milanni,4
Illiana,4
Sanam,4
Rion,16
Kavonte,4
Daytona,4
Nicholaus,16
Lathan,4
Wali,4
Xenia,4
Rebeca,4
Annagrace,4
Markon,4
Brizeida,4
Kalila,4
Kayah,4
Breckyn,4
Binyamin,4
Mckinleigh,4
Thailan,4
Joel,4
Asha,4
Melih,4
Alexzavier,4
Denim,4
Amoura,4
Silvano,4
Sofee,4
Mayaar,4
Kathleen,4
Papa,4
Skyra,4
Sosie,4
Tremon,4
Kareemah,4
Dermot,4
Carlyle,4
Tobe,16
Hunter,4
Emmarae,4
Yeshua,4
Laina,4
Chesney,4
Nickole,4
Rakesh,4
Paw,4
Arham,4
Keiara,4
Riel,4
Atalie,4
Devi,4
Armiyah,4
Marita,4
Nihar,4
Laura,4
Czarina,4
Oluwafemi,4
Adaora,4
Ruqayyah,4
Mac,16
Shanique,4
Shelsey,4
Gianni,4
Sumiah,4
Summaya,4
Feather,4
Kasch,4
Foxx,4
Diyari,4
Heath,4
Yacine,4
Ayris,4
Mylan,4
Abigaelle,4
Hobbes,4
Caytlin,18
Siris,4
Yomaira,4
Heartlee,16
Matin,4
Kove,16
Gonzalo,4
Gamble,4
Cantrell,18
Lavar,18
Alyda,18
Tali,4
Demya,18
Camaya,18
Lorelie,8
Lexis,18
Devany,4
Josefine,18
Janneth,18
Bradey,18
Nohely,18
Jaleia,4
Ameris,4
Temidayo,18
Melodie,4
Malaila,18
Aakash,18
Arieal,4
Daylene,4
Aaditya,4
Jeet,4
Christiana,18
Dalexa,18
Blu,18
Jarrett,18
Sicilia,18
Rock,4
Elisha,4
Mubashir,18
Kacy,4
Amoy,4
Navina,4
Zirel,18
Haydyn,18
Kymberlie,4
Karia,4
Vann,18
Tyge,18
Konstance,18
Amaziah,18
Jaysean,38
Marlee,8
Heylen,8
Nadelyn,8
Rashaan,38
Decarlo,16
Brailon,16
Jex,16
Khoa,16
Kynsleigh,16
Alania,16
Kabriel,16
Yeiri,38
Jailene,16
Kmarie,16
Mitzi,16
Lumina,16
Ashni,16
Leibish,16
Aerilyn,16
Saba,16
Tenly,16
Adanya,16
Myla,4
Erlinda,16
Djeneba,4
Dylen,4
Darielys,18
Natividad,4
Novalee,16
Maisie,4
Neia,4
Aisha,16
Edilson,4
Orchid,16
Phelix,18
Jia,18
Guadalupe,38
Laetitia,18
Kathlyn,18
Tinnley,18
Jayjay,8
Magaly,8
Aashika,18
Khasir,8
Royer,38
Locklyn,18
Sophiah,38
Zadien,18
Wade,38
Evaristo,38
Iysis,38
Barkley,38
Kyndel,38
Patton,38
Zophia,8
Jame,8
Caeli,38
Persephone,38
Zyrianna,38
Taggart,8
Neythan,38
Kadience,18
Sebastiaan,8
Narciso,8
Sol,8
Kriti,22
Lysander,31
Navid,8
Nala,8
Vanity,8
Gregorio,8
Suleika,8
Boluwatife,8
Phinley,8
Jakayden,8
Deakin,8
Iona,8
Jamelia,8
Taleigh,8
Malakia,8
Jerelyn,8
Artis,8
Johnel,8
Lakely,8
Iveth,8
Markcus,8
Savi,8
Tayt,8
Riyah,8
Nadiah,8
Emilygrace,8
Nabeela,8
Kamaurion,8
Arad,8
Cing,22
Azealia,8
Francois,31
Gretta,22
Ara,8
Kari,8
Mccall,8
Jazyria,31
Quyen,31
Emelly,31
Lacie,8
Coby,31
Biak,8
Hadiyah,19
Deanna,19
Zianna,19
Zayleah,19
Nuchem,19
Jaymin,16
Krue,30
Lavanya,30
Elazar,16
Deyonna,16
Lujain,19
Mayrin,19
Naleah,16
Irma,19
Pearson,19
Johnathon,31
Azka,31
Marki,31
Kentaro,31
Romario,31
Analisia,19
Elyssia,31
Lital,19
Abdalrahman,19
Marlow,8
Milene,18
Jacks,8
Advith,8
Nylani,8
Deema,8
Alessandria,8
Emery,8
Korey,8
Merna,8
Vidya,8
Jovaughn,8
Paelyn,31
Iktan,31
Mayara,31
Dynastee,8
Jalinda,8
Nevaehlynn,8
Schaefer,8
Jefferson,8
Deva,8
Zayona,8
Stefano,8
Evanna,8
Kysan,8
Jacorey,8
Khloie,8
Dray,8
Krishang,31
Alivyah,8
Josalin,31
Jahri,38
Moe,31
Amora,8
Aavin,38
Eland,18
Akiya,8
Madaly,31
Nedra,31
Adlyn,38
Rayanah,8
Niel,31
Brooklyn,8
Zaid,38
Mohamedamin,31
Sagan,38
Ivanna,38
Jaley,31
Sloan,38
Yaniyah,8
Filipe,8
Brena,31
Edward,31
Adiba,31
Meliah,8
Safiya,8
Colben,8
Mclaren,8
Demiyah,8
Kortnee,38
Braniya,8
Blessing,18
Macauley,31
Jancarlos,8
Chariah,8
Eshal,38
Laylana,38
Kellum,8
Jerrell,8
Shayne,31
Srihan,8
Sanyah,31
Omya,31
Jaenelle,8
Kawena,8
Jai,31
Harloe,8
Nalyn,38
Kingsley,8
Sima,38
Taksh,38
Aulbrey,38
Ilyn,19
Khaydence,31
Keiyon,38
Tommie,31
Andreya,19
Jondavid,30
Kentavious,38
Jamorian,38
Kodee,31
Celina,31
Ottis,19
Brandi,38
Trendon,38
Zeric,38
Tallin,29
Fiamma,22
Aeron,22
Lela,22
Whitt,22
Aveya,22
Nusaybah,22
Eriane,22
Zaley,22
Sarahann,22
Dontay,22
Saleah,22
Rumor,22
Zymya,22
Jana,38
Malakai,22
Jalynn,22
Ammar,22
Jalaila,22
Cambrey,22
Kaydan,22
Elton,22
Leihum,22
Evette,22
Lessly,22
Rollie,22
Leyah,22
Isadora,30
Zuhaib,30
Trendell,30
Deandria,30
Trentan,30
Zaryan,30
Yukari,38
Meyer,38
Kentae,38
Weylyn,38
Corbitt,38
Juda,38
Kailee,38
Sienna,22
Sanad,38
Dsean,38
Tiyanna,38
Kento,38
Tom,38
Tyrece,38
Saveliy,38
Javier,38
Safeer,19
Faythe,38
Darrius,30
Elroi,30
Janai,38
Maude,30
Jerika,38
Corwyn,30
Greco,38
Elynne,30
Nitalia,30
Scout,30
Dempsey,30
Bettina,30
Leyli,38
Karizma,38
Noreen,38
Jahsiah,38
Westley,38
Renezmee,38
Julious,38
Kinsler,38
Auguste,38
Vennela,38
Asra,30
Jahrell,38
Nate,30
Darlene,38
Sophiamarie,38
Aleksander,38
Armya,30
Felipe,38
Bhargavi,38
Benoit,30
Joao,38
Estellise,38
Amaleah,22
Jayley,22
Cyle,22
Jervon,22
Graci,22
Jurie,22
Arber,22
Isamari,22
Jayzion,38
Phallon,38
Sreekar,22
Leta,22
Elisheva,22
Jasyn,22
Bralynn,22
Trygve,22
Victoriya,22
Donna,22
Ayami,13
Salar,22
Samer,37
Jan,30
Sway,30
Atziry,30
Jeramyah,16
Jamyra,38
Danieliz,38
Wylan,8
Ward,38
Josmar,38
Tarren,38
Annalynn,5
Nazareth,38
Ornella,38
Annelie,38
Yanci,38
Thelma,38
Ruffin,38
Tzippora,38
Aydyn,38
Brylyn,38
Pranshi,38
Avyukt,38
Tyrik,38
Alexandre,38
Jasmyn,38
Leona,38
Shaela,38
Yaw,38
Mery,38
Alysiah,38
Markeis,38
Rook,38
Jamayah,30
Edina,38
Zamil,38
Dmiya,22
Triniti,38
Izayiah,38
Mahreen,38
Jacy,38
Asli,38
Kethan,38
Lyra,38
Aiesha,38
Batya,38
Emrah,38
Wynn,25
Trevonn,38
Morea,25
Yechezkel,25
Molly,25
Izaiyah,25
Bronwen,25
Teliyah,25
Sirron,25
Durante,25
Koston,25
Lionardo,25
Aileena,25
Rorke,25
Samaj,25
Jolene,25
Jye,25
Cree,25
Grishma,25
Betzaida,25
Delaynie,25
Jenziel,25
Zhoe,25
Avie,25
Hector,25
Margie,25
Eshaal,25
Dionne,25
Melynie,25
Makensey,25
Marzia,25
Tulip,25
Ladale,25
Taequan,25
